<?xml version="1.0" encoding="UTF-8"?>
<configuration>

    <property name="USER_HOME" value="target/logs" />
    <property name="log_name" value="asda_automation" />
    <timestamp key="bySecond" datePattern="yyyyMMdd'T'HHmmss"/>
    <appender name="FILE-ENGINE" class="ch.qos.logback.core.FileAppender">
        <file>${USER_HOME}/${log_name}-${bySecond}.log</file>
        <encoder>
            <pattern>%d{yyyy-MM-dd HH:mm:ss} [%thread] %-5level %logger{35} - %msg%n</pattern>
        </encoder>
    </appender>
    <appender name="colorAppender" class="ch.qos.logback.core.ConsoleAppender">
        <encoder class="ch.qos.logback.classic.encoder.PatternLayoutEncoder">
            <pattern>%d %green([%thread]) %highlight(%level) %logger{50} - %msg%n</pattern>
        </encoder>
    </appender>
    <appender name="htmlAppender" class="ch.qos.logback.core.FileAppender">
        <file>${USER_HOME}/${log_name}-${bySecond}.html</file>
        <encoder class="ch.qos.logback.core.encoder.LayoutWrappingEncoder">
            <layout class="ch.qos.logback.classic.html.HTMLLayout">
                <pattern>%d{dd-MM-YYYY HH:mm:ss.SSS}%thread%level%logger%msg</pattern>
            </layout>
        </encoder>
    </appender>



    <root level="INFO">
        <appender-ref ref="FILE-ENGINE" />
        <appender-ref ref="colorAppender" />
        <appender-ref ref="htmlAppender" />
    </root>

</configuration>